ID,Name,Surname,E-Mail,OIB,Date_birth
0,Kristian,Kanceljak,kkanceljak@gmail.com,71495983549,1983-05-08
1,Borko,Karavidović,borkokaravidovic@gmail.com,42808636727,1952-09-14
2,Loriana,Župan,lorianaz@gmail.com,80218179739,1988-11-09
3,Mijo,Ujević,mijoujevic@gmail.com,81480566425,1956-10-16
4,Albanit,Tisaj,atisaj98@gmail.com,39739215827,1998-07-20
5,Robert,Barušić,rbarusic61@gmail.com,31005743663,1961-07-05
6,Teofil,Rađenović,tradenovic95@gmail.com,55314086529,1995-10-22
7,Lira,Dundić,lirad@gmail.com,67536806833,1993-03-06
8,Tome,Marinović,tmarinovic@gmail.com,80407818063,1989-11-01
9,Ernita,Stojak,estojak@gmail.com,51237954877,1962-11-30
10,Marko,Knapić,mknapic63@gmail.com,97410532728,1963-10-06
11,Žanet,Adrić,zadric75@gmail.com,55134119644,1975-03-24
12,Ensar,Miličević,emilicevic@gmail.com,43937894327,1961-01-23
13,Marijana,Franić,marijanafranic@gmail.com,42663950794,1995-04-06
14,Lucas,Rudić,lrudic@gmail.com,75918743319,1985-10-08
15,Jovana,Prtenjača,jprtenjaca@gmail.com,75136901930,1997-10-30
16,Izidora,Baćac,izidorab@gmail.com,62063252105,1956-12-23
17,Dorina,Mamić,dmamic75@gmail.com,45093934027,1975-11-30
18,Norman,Cvjetićanin,ncvjeticanin@gmail.com,29617768903,1969-12-13
19,Daša,Brajković,dasab@gmail.com,38706947946,1990-10-04
20,Gorana,Sremić,goranasremic@gmail.com,62269614676,1958-02-04
21,Andal,Pavlečić,apavlecic@gmail.com,36466468987,1977-05-09
22,Aranđel,Furjan,afurjan58@gmail.com,72740299489,1958-02-26
23,Stiven,Debeljak,stivendebeljak@gmail.com,97663834625,1983-06-06
24,Rudolf,Barulek,rudolfb@gmail.com,39233927049,1986-09-06
25,Magda,Kuran,magdak@gmail.com,76321179626,1955-07-23
26,Lirijana,Nenadović,lirijanan@gmail.com,94411698850,1952-02-07
27,Casper,Drašković,casperd@gmail.com,90777552971,1984-12-14
28,Antonella,Mišić,amisic@gmail.com,66514059883,1997-07-22
29,Lucija-tisa,Jerković,lucija-tisaj@gmail.com,47591190620,1963-01-14
30,Garbara,Žuža,gzuza@gmail.com,98430102572,1999-11-19
31,Brigita,Načinović,brigitan@gmail.com,83936038904,1980-10-28
32,Ajdin,Dvornić,advornic90@gmail.com,41692043086,1990-03-30
33,Tomas,Špika,tomass@gmail.com,47871245925,1960-01-02
34,Maximilian,Kokoška,mkokoska63@gmail.com,26091140130,1963-05-13
35,Orlanda,Srbljinović,orlandas@gmail.com,97322682474,1965-03-27
36,Mika,Jurišević,mjurisevic@gmail.com,95569213272,1960-05-22
37,Lucio,Donadić,luciod@gmail.com,41877507731,1956-10-09
38,Željana,Leskovar,zeljanaleskovar@gmail.com,55943303804,1952-10-30
39,Josipa,Radačić,jradacic50@gmail.com,54395985062,1950-09-03
40,Lira,Pehaček,lirap@gmail.com,12500624589,1969-04-19
41,Romeo,Šantić,romeosantic@gmail.com,49339782261,1951-05-17
42,Ana,Dražić,anadrazic@gmail.com,93836988975,1953-09-21
43,Antonina,Šimonović,antoninas@gmail.com,64914131741,1965-03-27
44,Karolina,Mužina,kmuzina93@gmail.com,70171954027,1993-11-06
45,Dušan,Brkanac,dusanb@gmail.com,47477026116,1979-06-17
46,Mijo,Eterović,mijoeterovic@gmail.com,63617109237,1998-10-13
47,Martin,Knez,mknez61@gmail.com,94021944678,1961-06-23
48,Mirjan,Gršić,mirjang@gmail.com,35331723279,1956-10-17
49,Marul,Zrinski,marulzrinski@gmail.com,70021151132,1968-12-15
50,Koni,Kahlina,konik@gmail.com,10555274200,1971-05-29
51,Cecil,Rusek,cecilrusek@gmail.com,95097166529,1965-05-28
52,Kolinda,Kirac,kkirac66@gmail.com,13059198747,1966-08-12
53,Dania,Kostelac,dkostelac72@gmail.com,67461897020,1972-04-14
54,Gašpar,Terzić,gterzic80@gmail.com,21714466612,1980-10-23
55,Karin,Tot,karintot@gmail.com,53878510733,1985-07-23
56,Noela,Žunec,noelazunec@gmail.com,25871158577,1952-09-08
57,Majda,Predovan,mpredovan75@gmail.com,40135805831,1975-08-29
58,Prvčić,Mikšić,pmiksic72@gmail.com,16764151829,1972-08-04
59,Vinko,Nižić,vnizic@gmail.com,87905146510,1994-11-04
60,Teotim,Manestar,teotimmanestar@gmail.com,79842894625,1972-02-07
61,Adem,Šelendić,aselendic@gmail.com,76530170181,1968-09-02
62,Kevin,Sever,kevins@gmail.com,90271855974,1979-03-01
63,Edita,Dominiković,editad@gmail.com,28910097190,1955-11-12
64,Lucio,Bosak,luciob@gmail.com,38627947740,1981-07-13
65,Mia-martina,Vuk,mia-martinav@gmail.com,10704415653,1997-08-04
66,Mladen,Veselovac,mveselovac@gmail.com,43999655894,1978-04-15
67,Mariana,Karabatić,mkarabatic75@gmail.com,36998728475,1975-01-13
68,Gita,Škrlin,gitas@gmail.com,93494430985,1998-08-05
69,Letitia,Kosić,lkosic86@gmail.com,32862875825,1986-06-19
70,Silvana,Bosilj,sbosilj90@gmail.com,17273874904,1990-08-06
71,Žanet,Kunštek,zkunstek50@gmail.com,45430791175,1950-04-20
72,Nello,Franulić,nfranulic82@gmail.com,15841993885,1982-02-07
73,Vitomir,Mimica,vitomirm@gmail.com,77618131515,1978-02-05
74,Sebastijan,Čagalj,scagalj73@gmail.com,15031038155,1973-04-09
75,Tituš,Blagaj,tblagaj@gmail.com,23153841234,1988-02-27
76,Zorka,Blaževac,zblazevac@gmail.com,56725963694,1988-05-20
77,Teodor,Legović,teodorlegovic@gmail.com,10926061030,1973-10-05
78,Ivone,Dvojak,idvojak61@gmail.com,95463511525,1961-09-27
79,India,Patačko,ipatacko@gmail.com,98343698720,1968-03-10
80,Sonja,Malobabić,smalobabic72@gmail.com,65945193180,1972-02-04
81,Leona-marie,Grahovac,lgrahovac61@gmail.com,82844302123,1961-08-25
82,Beata,Puljiz,bpuljiz@gmail.com,41726302650,1965-03-23
83,Slavica,Vincek,slavicav@gmail.com,17195336069,1970-12-20
84,Aranđel,Tuškan,atuskan@gmail.com,96115489416,1975-12-16
85,Blerona,Jakovac,bleronaj@gmail.com,17267911297,1982-08-26
86,Dorja,Lacković,dorjal@gmail.com,94016591627,1981-02-12
87,Natalija,Fudurić,natalijafuduric@gmail.com,80269056548,1977-04-27
88,Gaj,Raljević,gajraljevic@gmail.com,76073750683,1974-01-10
89,Silvia,Mustać,silviam@gmail.com,34804301001,1968-08-31
90,David,Berend,davidb@gmail.com,48156267299,1954-02-23
91,Edita,Hranjec,editah@gmail.com,55578770301,1993-01-05
92,Jendek,Feketija,jendekfeketija@gmail.com,94209890336,1981-12-14
93,Mura,Stanković,mstankovic@gmail.com,34436035467,1986-11-19
94,Saša,Markovac,sasam@gmail.com,76232345574,1985-05-11
95,Antonio,Lušetić,alusetic61@gmail.com,26990483179,1961-06-28
96,Rycardo,Podrug,rpodrug@gmail.com,19765372085,1978-04-08
97,Natalie,Belušić,nataliebelusic@gmail.com,65415693219,1963-12-06
98,Libor,Tičić,liborticic@gmail.com,39561666935,1951-08-05
99,Casper,Sokić,caspersokic@gmail.com,53618250732,1988-01-13
100,Andreas,Mimica,amimica@gmail.com,88864639961,1999-02-20
101,Maltilda,Janko,mjanko96@gmail.com,31737059149,1996-01-22
102,Simona,Klemeš,simonaklemes@gmail.com,27219335964,1956-11-03
103,Marjan,Medač,marjanmedac@gmail.com,71455571640,1991-06-12
104,Aida,Neferanović,aneferanovic@gmail.com,62911961046,1980-10-10
105,Joso,Prenkaj,josoprenkaj@gmail.com,98058499935,1974-07-31
106,Marinela,Matulić,mmatulic@gmail.com,94939911269,1973-01-11
107,Enia,Pehaček,eniapehacek@gmail.com,60142097402,1996-04-07
108,Zdenka,Holec,zholec81@gmail.com,32166345818,1981-07-06
109,Katarina,Pejazić,kpejazic60@gmail.com,59498275000,1960-04-13
110,Mihailo,Dundić,mihailodundic@gmail.com,61338843782,1993-02-21
111,Majda,Kolundžić,majdak@gmail.com,62378581536,1989-10-04
112,Gustav,Lojen,gustavlojen@gmail.com,64216670751,1987-06-27
113,Andrijana,Debeljak,andrijanad@gmail.com,84522632220,1992-09-26
114,Svibor,Prugovečki,sviborp@gmail.com,28812561762,1981-11-15
115,Perez adrian,Jerčinović,perez adrianj@gmail.com,47379792320,1976-01-06
116,Tim,Mikičić,tmikicic@gmail.com,68492871538,1996-08-15
117,Dorea,Benković,dbenkovic64@gmail.com,37368494254,1964-05-24
118,Lucas,Hlad,lhlad63@gmail.com,81428372332,1963-05-31
119,Zita,Viljevac,zviljevac90@gmail.com,30248684681,1990-04-03
120,Loriana,Jonjić,ljonjic76@gmail.com,30765296339,1976-04-24
121,Anðela,Podhraški,apodhraski67@gmail.com,78178097162,1967-01-26
122,Nensi,Valešić,nensiv@gmail.com,22829914175,1965-12-31
123,Marijan,Gradečak,marijang@gmail.com,82775454371,1978-12-02
124,Krista,Begonja,kbegonja@gmail.com,72635047029,1965-09-04
125,Neda,Neferanović,nedaneferanovic@gmail.com,16697597697,1950-12-22
126,Silvestar,Grbeš,sgrbes@gmail.com,95812923427,1961-10-15
127,Ria,Zarifović,rzarifovic69@gmail.com,34192231979,1969-04-25
128,Darijo,Diklić,darijodiklic@gmail.com,23704963714,1955-06-08
129,Nicol,Romac,nicolromac@gmail.com,47266442099,1962-04-17
130,Mara,Torbarina,maratorbarina@gmail.com,20879327398,1968-04-15
131,Majda,Totić,mtotic@gmail.com,70265801103,1988-10-09
132,Tony,Terzić,tonyt@gmail.com,89173991422,1950-10-22
133,Edvin,Obajdin,eobajdin94@gmail.com,13515099449,1994-05-25
134,Benjamin,Vulin,benjaminvulin@gmail.com,90701473158,1991-08-10
135,Lilian,Vrankulj,lvrankulj60@gmail.com,41504228515,1960-02-23
136,Jasna,Šafarić,jsafaric74@gmail.com,78686739297,1974-09-15
137,Josipa,Sobota,josipasobota@gmail.com,27020885750,1953-03-04
138,Gustav,Staraj,gustavs@gmail.com,54585169076,1953-08-05
139,Melita,Runje,mrunje74@gmail.com,32314218272,1974-09-20
140,Andrijan,Ljevaković,andrijanljevakovic@gmail.com,53380931236,1963-09-21
141,Antonina,Mihovilović,amihovilovic72@gmail.com,58234651092,1972-08-23
142,Rebecca,Kozjak,rkozjak@gmail.com,11259138407,1991-10-13
143,Adrijan,Polenus,adrijanp@gmail.com,86930235730,1985-11-07
144,Emili,Kalšan,ekalsan@gmail.com,13939044675,1990-02-16
145,Enio,Dobrilović,edobrilovic65@gmail.com,64995399515,1965-10-15
146,Nikola,Španja,nspanja52@gmail.com,63202336689,1952-10-29
147,Lilian,Županović,lilianzupanovic@gmail.com,79844270423,1963-03-03
148,Anika,Bosanac,abosanac56@gmail.com,65396689397,1956-02-14
149,Nicole,Bašković,nbaskovic@gmail.com,79761461474,1989-04-01
150,Teo,Budimir,teob@gmail.com,81385484226,1992-10-26
151,Vilma,Pucer,vpucer79@gmail.com,79362615411,1979-11-07
152,Justin,Radešić,jradesic@gmail.com,77694724682,1975-05-17
153,Dominika,Tadić,dominikatadic@gmail.com,94903086993,1955-05-02
154,Ana-petra,Tomasović,atomasovic89@gmail.com,56476995496,1989-01-02
155,Dean,Gregurović,deangregurovic@gmail.com,54111726469,1996-12-06
156,Wanda,Balić,wandabalic@gmail.com,74866020275,1986-07-17
157,Matko,Ilić,milic@gmail.com,31896738406,1976-03-22
158,Lana,Načinović,lanan@gmail.com,56983332618,1995-12-22
159,Debora,Cvitko,dcvitko63@gmail.com,12563764237,1963-06-25
160,Maurizio,Milašinović,mmilasinovic@gmail.com,69140393841,1998-05-09
161,Amalia,Crnčan,acrncan@gmail.com,61448653224,1985-02-21
162,Janko,Zuanović,jankoz@gmail.com,65036287497,1972-09-13
163,Lorens,Mikuš,lmikus59@gmail.com,99301843845,1959-10-17
164,Irina,Dodlek,irinad@gmail.com,57001728927,1996-05-10
165,Filipa,Krmpotić,filipakrmpotic@gmail.com,99723936660,1961-10-21
166,Kris,Zvirotić,krisz@gmail.com,91942918492,1985-01-02
167,Adriano,Jovanović,ajovanovic@gmail.com,50866311013,1995-12-08
168,Boran,Veselinović,boranv@gmail.com,58830982209,1960-09-25
169,Dinka,Dorkić,ddorkic93@gmail.com,41476670877,1993-01-23
170,Zvončica,Pavić,zvoncicapavic@gmail.com,97097172412,1981-03-13
171,Olga,Vičić,olgavicic@gmail.com,78473216415,1963-06-08
172,Matko,Čalošević,mcalosevic@gmail.com,22169198439,1965-06-01
173,Leonardo,Jakopec,ljakopec@gmail.com,97916308643,1979-01-29
174,Sven,Galac,sgalac@gmail.com,68416711940,1994-07-01
175,Radmila,Šerbeđija,rserbedija53@gmail.com,16653032497,1953-02-20
176,Tajana,Bubić,tajanab@gmail.com,68554891503,1959-10-09
177,Dominika,Ljubičić,dominikaljubicic@gmail.com,72776972145,1994-07-15
178,Renco,Sesar,rsesar74@gmail.com,57331140092,1974-04-05
179,Oliver,Deanović,oliverd@gmail.com,95236508598,1960-10-13
180,Robin,Ivanšić,robinivansic@gmail.com,53319385227,1973-12-25
181,Lana,Žic,lzic96@gmail.com,22915642136,1996-12-23
182,Ian,Stepinac,istepinac@gmail.com,74673496430,1994-10-28
183,Nevija,Barčanec,nevijabarcanec@gmail.com,79208004833,1957-07-29
184,Hanna,Kranjčić,hkranjcic@gmail.com,99217663621,1976-10-11
185,Edvin,Cik,edvinc@gmail.com,27142903439,1959-09-10
186,Aurelia,Radolović,aureliaradolovic@gmail.com,84682533829,1990-11-28
187,Robi,Avrić,ravric98@gmail.com,41886810113,1998-01-13
188,Dinka,Pliško,dplisko@gmail.com,32240627098,1980-07-07
189,Narda,Patrčević,npatrcevic67@gmail.com,89002625558,1967-01-06
190,Enya,Dobrilović,enyadobrilovic@gmail.com,24143610420,1978-09-06
191,Veljko,Blažotić,vblazotic@gmail.com,58763358523,1976-02-09
192,Lenard,Kokoška,lenardk@gmail.com,14614922440,1957-06-29
193,Miriam,Slavić,mslavic@gmail.com,71831485663,1979-12-22
194,Neven,Gazdek,ngazdek@gmail.com,32861781892,1982-06-15
195,Neva,Raspor,nraspor@gmail.com,49275601616,1957-02-05
196,Gabi,Kuštera,gkustera55@gmail.com,45516993646,1955-06-21
197,Nevena,Baljak,nbaljak61@gmail.com,35669390243,1961-01-10
198,Vukadin,Zelić,vzelic@gmail.com,93865998516,1958-10-02
199,Ivka,Tomac,itomac@gmail.com,88413051729,1974-07-22
200,Ružica,Krnežić,ruzicakrnezic@gmail.com,10732943959,1975-10-02
201,Carlos,Grilec,carlosgrilec@gmail.com,75597009923,1959-12-03
202,Milka,Knezić,mknezic@gmail.com,32026679879,1985-08-19
203,Mary,Vrljić,mvrljic93@gmail.com,28600225399,1993-07-06
204,Idora,Vengring,idorav@gmail.com,61199877173,1975-12-06
205,Hanna,Mahnet,hmahnet59@gmail.com,93599092199,1959-12-27
206,Marica,Šignjar,maricasignjar@gmail.com,82198571994,1987-06-29
207,Nikita,Klobučar,nklobucar80@gmail.com,92174739892,1980-06-14
208,Milka,Pečur,milkapecur@gmail.com,75538839403,1993-06-26
209,Vendy,Poropat,vporopat52@gmail.com,30627642233,1952-12-29
210,Enya,Barilić,ebarilic@gmail.com,26681574809,1950-06-10
211,Dimitrije,Milovac,dimitrijemilovac@gmail.com,96482602862,1976-05-19
212,Davorin,Crnković,davorinc@gmail.com,33952302889,1969-11-10
213,Annamaria,Repić,arepic@gmail.com,90071504243,1997-01-29
214,Bertina,Gavranić,bertinag@gmail.com,96353920973,1964-01-15
215,Ricardo,Toić,ricardotoic@gmail.com,11241396081,1987-05-10
216,Matej-luka,Palaškov,mpalaskov@gmail.com,71446625303,1974-04-27
217,Pia,Pedisić,ppedisic91@gmail.com,81306652738,1991-03-16
218,Lisa,Jakolić,lisaj@gmail.com,35909478563,1960-01-07
219,Andria,Šverko,asverko51@gmail.com,25840575575,1951-11-11
220,Uma,Karavidović,ukaravidovic@gmail.com,39051100067,1966-07-08
221,Claudia,Vrhovec,claudiavrhovec@gmail.com,25513396312,1954-07-24
222,Cvita,Ljubičić,cvital@gmail.com,43520811823,1953-12-29
223,Bože,Tonc,btonc97@gmail.com,58994554684,1997-10-20
224,Leda,Cenkovčan,lcenkovcan@gmail.com,31110591101,1951-06-04
225,Jendek,Juratović,jjuratovic@gmail.com,44819359934,1964-11-28
226,Aaron,Babok,aaronbabok@gmail.com,29413479733,1992-02-01
227,Dag,Bužleta,dagb@gmail.com,49786805932,1964-01-22
228,Karla,Grmača,karlag@gmail.com,59655079490,1997-08-05
229,Florijan,Anđelić,florijanandelic@gmail.com,32414658682,1979-03-14
230,Jan-petar,Žerjav,jan-petarzerjav@gmail.com,93282431519,1973-09-04
231,Orlanda,Karuza,okaruza89@gmail.com,81285925850,1989-06-09
232,Olga,Oreški,ooreski@gmail.com,87320331728,1962-02-11
233,Izak,Matleković,izakmatlekovic@gmail.com,82047478032,1950-05-21
234,Tia-maria,Stiplošek,tia-marias@gmail.com,84449447204,1968-06-12
235,Zvonko,Blašković,zblaskovic@gmail.com,32921646029,1953-07-26
236,Vivien,Savić,viviens@gmail.com,76053052966,1963-08-01
237,Luis,Dminić,ldminic98@gmail.com,48627314852,1998-12-13
238,Kalea,Šustić,ksustic@gmail.com,20263319278,1974-04-16
239,Vedran,Mohorović,vmohorovic81@gmail.com,86120050026,1981-11-04
240,Analaura,Bišćan,abiscan79@gmail.com,16321842731,1979-05-30
241,Samanta,Belavić,samantab@gmail.com,43418968706,1994-06-06
242,Mario,Kero,mkero57@gmail.com,81554417220,1957-09-09
243,Roža,Kosić,rkosic@gmail.com,33897280847,1980-04-04
244,Mirta,Aničić,manicic@gmail.com,66631447858,1958-04-30
245,Anton,Deranja,aderanja@gmail.com,38141375873,1970-05-19
246,Velimir,Majetić,velimirmajetic@gmail.com,92176130911,1984-10-08
247,Miloš,Pribanić,mpribanic@gmail.com,91483301000,1996-11-17
248,Pave,Benc,pbenc@gmail.com,79222974158,1989-02-28
249,Anđelo,Pihir,andelop@gmail.com,33359450912,1979-09-23
250,Donart,Božanić,donartb@gmail.com,38614451035,1988-06-24
251,Bruna,Matušan,brunam@gmail.com,97908655581,1989-05-09
252,Samantha,Pavičić,samanthapavicic@gmail.com,28964622054,1999-03-10
253,Zrinko,Božanović,zrinkob@gmail.com,65659562213,1999-09-01
254,Donovan,Radaković,dradakovic55@gmail.com,12684899522,1955-10-08
255,Domjan,Ivšić,divsic77@gmail.com,92518311546,1977-02-09
256,Norman,Peček,normanp@gmail.com,62123857136,1984-11-24
257,Robert,Mandušić,rmandusic@gmail.com,57474672717,1972-02-16
258,Nikolas,Ivošević,nikolasivosevic@gmail.com,73817174358,1971-04-15
259,Damir,Štimac,dstimac@gmail.com,86499198797,1989-12-13
260,Anðelina,Šimić,asimic81@gmail.com,72887675197,1981-07-05
261,Marino,Bojčić,mbojcic51@gmail.com,71508722121,1951-09-18
262,Donata,Božinović,donatab@gmail.com,44627854581,1976-03-25
263,Entoni,Lukić,elukic@gmail.com,38434679134,1975-02-19
264,Emanuel,Nemet,emanueln@gmail.com,94959298112,1990-03-16
265,Amelie,Toljanić,ameliet@gmail.com,89128195142,1977-11-11
266,Sonja,Karagić,sonjakaragic@gmail.com,54839805716,1954-03-24
267,Karolina,Brezjan,kbrezjan64@gmail.com,32912247331,1964-09-28
268,Đani,Bencetić,danib@gmail.com,53421768060,1968-12-22
269,Cvijeta,Bučanac,cbucanac72@gmail.com,59175614221,1972-02-25
270,Adriana,Blagaj,ablagaj@gmail.com,24935767226,1985-07-01
271,Oto,Lovreković,otolovrekovic@gmail.com,84640877285,1973-05-21
272,Gita,Đuzel,gduzel61@gmail.com,98148780247,1961-04-16
273,Ratko,Ercegović,rercegovic71@gmail.com,28518217063,1971-05-04
274,Roman,Špelić,romans@gmail.com,14479573691,1997-08-12
275,Amir,Miklić,amiklic98@gmail.com,77852075033,1998-12-09
276,Sandro,Vrandečić,svrandecic52@gmail.com,57347211620,1952-03-12
277,Kistian,Pahljina,kistianpahljina@gmail.com,51640979213,1984-01-17
278,Garbara,Sabadoš,garbarasabados@gmail.com,34979617855,1989-07-01
279,Dean,Šumberac,dsumberac@gmail.com,77106307493,1964-03-01
280,Ramona,Paić,rpaic@gmail.com,69535042666,1959-07-07
281,Zvonimira,Bačić,zbacic@gmail.com,74486596811,1974-01-07
282,Darjan,Besten,dbesten@gmail.com,62900023101,1957-02-17
283,Rozalija,Botica,rbotica@gmail.com,71735582712,1953-05-20
284,Gabrijela,Brljak,gabrijelabrljak@gmail.com,73179971560,1958-12-16
285,Irma,Bušljeta,irmab@gmail.com,13902101416,1966-12-17
286,Ulika,Fatorić,ulikafatoric@gmail.com,61964481808,1957-07-19
287,Zvonimira,Volf,zvolf84@gmail.com,22167956463,1984-11-29
288,Marija,Eterović,marijae@gmail.com,32681834054,1956-04-30
289,Damir,Klić,dklic54@gmail.com,23460856588,1954-04-26
290,Vanna,Gašparini,vannag@gmail.com,36013554328,1952-01-25
291,Adella,Živčić,adellaz@gmail.com,47398862170,1984-09-03
292,Saša-aleksandra,Kosić,sasa-aleksandrakosic@gmail.com,87354594480,1979-12-01
293,Sandro,Sremić,ssremic@gmail.com,91669795359,1989-07-16
294,Amelie,Ladić,amelieladic@gmail.com,45341201992,1951-05-24
295,Ronald,Rađenović,ronaldr@gmail.com,97563687421,1970-06-05
296,Selena,Hržić,shrzic81@gmail.com,29939231220,1981-01-11
297,Cvita,Sokolić,cvitasokolic@gmail.com,91890560607,1975-10-28
298,Vedran,Drožđek,vedrandrozdek@gmail.com,69007756108,1965-06-18
299,Agata,Kosar,akosar60@gmail.com,67445374072,1960-02-09
300,Vito,Žužić,vitoz@gmail.com,55313693339,1981-11-29
301,Stribor,Vukmirović,svukmirovic@gmail.com,88071128853,1954-09-16
302,Džana,Milošević,dmilosevic94@gmail.com,35959537994,1994-01-23
303,Eno,Lipovac,enolipovac@gmail.com,49070689502,1950-07-11
304,Ilan,Županović,izupanovic@gmail.com,69019468870,1970-09-06
305,Antonela,Gložinić,aglozinic@gmail.com,63970008216,1963-02-18
306,Ljubica,Srblin,lsrblin@gmail.com,32585216845,1970-03-12
307,Ena-maria,Vrnoga,evrnoga@gmail.com,48899126906,1981-10-12
308,Krista,Fonović,kfonovic@gmail.com,66543010154,1985-04-09
309,Eda,Švić,esvic66@gmail.com,53957788523,1966-04-07
310,Jan-petar,Šarlija,jan-petars@gmail.com,37602141386,1966-06-22
311,Tino,Klić,tinok@gmail.com,83636368181,1965-08-17
312,Sivlia,Nimac,sivlianimac@gmail.com,90107333223,1958-06-26
313,Višeslav,Vlaović,vvlaovic64@gmail.com,33177366765,1964-06-12
314,Bernardo,Carić,bernardoc@gmail.com,99285121517,1994-01-10
315,Kajan,Ivanišević,kivanisevic@gmail.com,43636404834,1968-03-28
316,Nedjeljka,Mušura,nedjeljkam@gmail.com,84017738434,1992-03-20
317,Tihana,Didović,tdidovic63@gmail.com,30253902481,1963-03-02
318,Lukas,Koledić,lukask@gmail.com,42495948160,1968-05-21
319,Ilma,Busak,ilmabusak@gmail.com,57805057540,1994-01-01
320,Samuel,Đureta,samueld@gmail.com,24979104745,1958-10-15
321,Andor,Buždon,abuzdon@gmail.com,34866133390,1971-02-21
322,Maksim,Hrčka,mhrcka@gmail.com,70342385225,1960-08-07
323,Leonarda,Sinjeri,leonardas@gmail.com,27924628974,1989-05-13
324,Beata,Hržić,bhrzic74@gmail.com,59542140195,1974-08-27
325,Morgan,Visintin,morganvisintin@gmail.com,66558979047,1981-09-03
326,Enio,Culi,enioc@gmail.com,70944740960,1953-11-23
327,Vinka,Žitko,vinkaz@gmail.com,94333989368,1978-09-02
328,Paolina,Kavelj,paolinakavelj@gmail.com,58561612529,1990-05-31
329,Erin,Radović,erinradovic@gmail.com,30686463379,1955-12-27
330,Edo,Grbeša,egrbesa72@gmail.com,56720375738,1972-06-01
331,Emili,Flegar,eflegar64@gmail.com,22886776506,1964-08-29
332,Matrina,Sobota,msobota@gmail.com,75086656742,1984-06-28
333,Danijela,Brkanac,dbrkanac@gmail.com,89047786603,1989-11-06
334,Relja,Korolija,reljak@gmail.com,91637085988,1982-10-22
335,Borna,Repić,brepic81@gmail.com,42248700039,1981-01-28
336,Frančeska,Lovreković,flovrekovic67@gmail.com,76219130197,1967-12-10
337,Anðelina,Pedić,apedic@gmail.com,78983850711,1955-05-03
338,Tomislava,Brala,tbrala@gmail.com,61583358896,1962-04-15
339,Irja,Kalebić,ikalebic@gmail.com,28119012527,1961-11-13
340,Nola,Vivoda,nolav@gmail.com,80147067265,1994-02-13
341,Tia,Bartulović,tbartulovic@gmail.com,33905624651,1963-07-11
342,Valentin,Lolić,valentinl@gmail.com,15890584896,1999-02-22
343,Vilma,Cagarić,vilmacagaric@gmail.com,76293718488,1967-06-23
344,Romana,Vragolović,rvragolovic64@gmail.com,67532472721,1964-11-22
345,Enea,Tešija,etesija50@gmail.com,49769814906,1950-07-24
346,Edo,Ukalović,edoukalovic@gmail.com,58398954510,1979-06-25
347,Elena,Lešnjak,elesnjak@gmail.com,82412484833,1981-06-08
348,Jullian,Mihok,jmihok@gmail.com,34346850212,1992-03-30
349,Vice,Samardžija,vices@gmail.com,21432029604,1979-02-09
350,Diin,Štefanac,dstefanac82@gmail.com,78039029477,1982-03-23
351,Nora,Šušnjara,nsusnjara@gmail.com,62229633351,1959-07-11
352,Strahinja,Triplat,striplat80@gmail.com,39517062242,1980-12-25
353,Fani,Jerković,fjerkovic76@gmail.com,71172485108,1976-10-10
354,Karin,Ivče,karinivce@gmail.com,80243246615,1959-07-15
355,Nevio,Kapeš,neviokapes@gmail.com,60846065996,1989-04-08
356,Vanesa,Lasić,vlasic@gmail.com,99437572117,1959-11-25
357,Anja,Komes,akomes76@gmail.com,62614501233,1976-11-07
358,Žan,Zvirotić,zanzvirotic@gmail.com,36863838891,1984-06-17
359,Pjer,Krušec,pjerkrusec@gmail.com,19096534555,1954-04-21
360,Gabi,Jazvac,gabijazvac@gmail.com,86979566484,1951-04-01
361,Natali,Kelečić,nkelecic57@gmail.com,98820869622,1957-02-18
362,Andelino,Vitez,andelinov@gmail.com,81999631135,1967-12-03
363,Ognjen,Kušec,okusec@gmail.com,28059303224,1988-08-09
364,Vjera,Sokolić,vsokolic64@gmail.com,64307714634,1964-07-19
365,Lorien,Abičić,lorienabicic@gmail.com,59818870459,1983-01-07
366,Davor,Baran,davorbaran@gmail.com,70462860528,1984-01-04
367,Klaudia,Banko,klaudiab@gmail.com,42530327649,1973-09-12
368,Damjana,Radaković,damjanaradakovic@gmail.com,89136542037,1957-06-03
369,Dominik,Rendić,dominikr@gmail.com,85661249898,1977-03-10
370,Emanuella,Markov,emarkov@gmail.com,93374238103,1978-07-15
371,Gabrijela,Martinović,gabrijelamartinovic@gmail.com,82356232690,1990-06-24
372,Mikel,Fučkar,mfuckar57@gmail.com,70273384489,1957-09-29
373,Marieta,Kalazić,marietakalazic@gmail.com,85504752050,1960-04-10
374,Lola,Mohorović,lolam@gmail.com,33631129032,1994-02-17
375,Tessa,Kovačić,tessak@gmail.com,64241113550,1976-01-10
376,Nevija,Pogorilić,npogorilic@gmail.com,92707321480,1988-08-28
377,Branimir,Dulčić,bdulcic77@gmail.com,46273016337,1977-07-12
378,Nena,Žeželić,nzezelic@gmail.com,42331317500,1990-05-26
379,Milenko,Žaja,milenkozaja@gmail.com,82946654121,1979-04-03
380,Arlen,Andrijašević,aandrijasevic@gmail.com,24543125911,1962-08-31
381,Eduard,Tudor,etudor58@gmail.com,76504697614,1958-05-13
382,Lobel,Vida,lvida@gmail.com,24878352539,1980-06-12
383,Mattea,Čirjak,mcirjak87@gmail.com,25735122326,1987-11-27
384,Jan-petar,Čupić,jan-petarcupic@gmail.com,10430192372,1974-10-30
385,Kyara,Vrsaljko,kyarav@gmail.com,52898044158,1987-05-12
386,Kiara,Babić,kiarab@gmail.com,90097109834,1951-12-11
387,Marijo,Škrpec,marijoskrpec@gmail.com,85475264026,1987-09-01
388,Đuro,Hrgović,dhrgovic97@gmail.com,65425683473,1997-06-05
389,Marijeta,Vručina,mvrucina@gmail.com,36638067570,1978-04-17
390,Luči,Marin,lmarin90@gmail.com,64157885944,1990-09-09
391,Mariela,Glučina,mglucina@gmail.com,70386455998,1958-05-11
392,Cvijeta,Volarević,cvolarevic@gmail.com,18223973279,1975-03-24
393,Talia,Žganec,taliaz@gmail.com,33114383331,1973-01-28
394,Maris,Vrabelj,marisv@gmail.com,93166993243,1991-08-28
395,Dali,Stojanović,dalistojanovic@gmail.com,15120339498,1963-12-29
396,Austin,Pamić,apamic@gmail.com,14587704962,1983-10-12
397,Vana,Vučković,vvuckovic@gmail.com,43247864595,1959-12-05
398,Ulika,Kušić,ulikak@gmail.com,33656766736,1994-09-17
399,Stipe,Manestar,smanestar93@gmail.com,99867593327,1993-09-12
400,Timor,Štrbac,timorstrbac@gmail.com,68449860221,1979-06-08
401,Dania,Benko,dbenko@gmail.com,39443255235,1989-11-28
402,Amir,Perušić,aperusic76@gmail.com,62688301937,1976-01-20
403,Loriana,Vunić,lorianavunic@gmail.com,88142823976,1970-09-18
404,Marijan,Pikec,marijanp@gmail.com,57105383994,1995-12-05
405,Ricardo,Baćac,ricardob@gmail.com,85135052821,1963-04-07
406,Eva,Klemeš,evaklemes@gmail.com,38871939652,1964-05-10
407,Joso,Prović,jprovic50@gmail.com,94625660113,1950-10-04
408,Josipa,Marović,josipam@gmail.com,15199832745,1989-08-30
409,Amadeo,Bareta,abareta54@gmail.com,93446488660,1954-10-14
410,Stjepan,Cvjetković,scvjetkovic@gmail.com,97227816791,1963-11-19
411,Pavle,Kanazir,pavlek@gmail.com,48767960604,1999-08-28
412,Krista,Jureško,kristaj@gmail.com,44767166686,1994-05-18
413,Leonard,Halavuk,lhalavuk82@gmail.com,42000788058,1982-01-08
414,Mile,Čuček,milec@gmail.com,37507101424,1959-08-06
415,Daša,Marasović,dmarasovic76@gmail.com,28256542885,1976-06-02
416,Vlaho,Karavidović,vkaravidovic70@gmail.com,46764750897,1970-01-22
417,Lea,Miloš,leam@gmail.com,78608239058,1974-11-03
418,Anamari,Polonijo,anamaripolonijo@gmail.com,32772204925,1979-05-01
419,Ria,Culović,riac@gmail.com,54746773645,1966-02-05
420,Eduard,Mavra,emavra50@gmail.com,69720006986,1950-10-17
421,Adriano,Bešenić,abesenic@gmail.com,64469538464,1957-04-13
422,Dalibor,Žigrović,daliborzigrovic@gmail.com,88962986056,1960-10-15
423,Antonije,Medenjak,antonijemedenjak@gmail.com,40743223187,1979-01-10
424,Ronald,Ćorić,rcoric78@gmail.com,27431045176,1978-06-07
425,Selma,Pauro,spauro95@gmail.com,27079829875,1995-09-19
426,Michaela,Sobočan,michaelas@gmail.com,65264854140,1977-01-12
427,Orsat,Filjević,ofiljevic@gmail.com,50970397888,1978-06-24
428,Inga,Veža,iveza67@gmail.com,22169125973,1967-05-05
429,Boško,Makovac,bmakovac68@gmail.com,50869596007,1968-07-23
430,Tahel,Gligora,tahelgligora@gmail.com,74437329732,1973-06-15
431,Tonina,Lokas,tlokas58@gmail.com,84597035661,1958-11-20
432,Božana,Groznica,bozanagroznica@gmail.com,83716257942,1982-07-28
433,Sabina,Domitrović,sdomitrovic52@gmail.com,16660379124,1952-05-15
434,Andrea,Jelenović,ajelenovic51@gmail.com,73209347907,1951-06-17
435,Letitia,Vozila,lvozila@gmail.com,74472802017,1985-10-31
436,Elvira,Plantak,elvirap@gmail.com,27493607553,1950-04-26
437,Maksimilijan,Krušec,maksimilijank@gmail.com,53826642366,1995-09-27
438,Vjenceslav,Mikec,vmikec96@gmail.com,14875725685,1996-12-10
439,Vladimira,Bosilj,vbosilj@gmail.com,52649022743,1995-01-12
440,Maltilda,Mihoković,maltildam@gmail.com,14199347475,1978-11-27
441,Dinko,Božičković,dbozickovic50@gmail.com,10819377092,1950-02-16
442,Valnea,Matijašec,valneamatijasec@gmail.com,99797025956,1957-01-26
443,Rastko,Jutronić,rastkojutronic@gmail.com,61816898174,1977-08-21
444,Noel,Vidaković,nvidakovic@gmail.com,77449423735,1954-09-30
445,Borut,Glažar,borutg@gmail.com,88071215614,1957-01-18
446,Rastko,Jelovica,rjelovica@gmail.com,45795277758,1975-04-19
447,Kristijan,Crnečki,kcrnecki91@gmail.com,31608735115,1991-02-13
448,Zoran,Matković,zmatkovic@gmail.com,95109564960,1979-12-22
449,Franjo,Tomičić,franjotomicic@gmail.com,90488643660,1999-04-16
450,Franjo,Harapin,franjoh@gmail.com,21371882157,1999-05-15
451,Samira,Bradičić,samirabradicic@gmail.com,36836777409,1960-06-18
452,Yuxuan,Dunatov,yuxuand@gmail.com,70208339304,1996-11-23
453,Velimir,Babec,velimirbabec@gmail.com,43772432741,1979-07-16
454,Ria,Škrapić,riaskrapic@gmail.com,47617619817,1972-01-20
455,Ian,Mesarić,ianmesaric@gmail.com,22175074806,1954-02-10
456,Elvira,Županović,elvirazupanovic@gmail.com,10556000842,1983-08-09
457,Ervin,Bitunjac,ervinbitunjac@gmail.com,53587303145,1983-02-17
458,Mile,Kelava,milek@gmail.com,21288349815,1976-11-12
459,Stjepana,Delija,stjepanad@gmail.com,83582518786,1954-06-19
460,Maurizio,Pajtak,mauriziop@gmail.com,86389947609,1988-05-10
461,Jošua,Drobac,jdrobac66@gmail.com,32685206039,1966-09-28
462,Kala,Lulić,klulic72@gmail.com,86403884024,1972-04-23
463,Silvestar,Duvančić,sduvancic@gmail.com,57023594956,1990-07-03
464,Carmen,Pedišić,cpedisic72@gmail.com,77223615246,1972-06-05
465,Kimi,Kiseljak,kimikiseljak@gmail.com,34102291843,1961-02-09
466,Alessia,Fonjak,afonjak@gmail.com,98685229283,1962-04-22
467,Marla,Miše,marlam@gmail.com,30007987880,1967-08-25
468,Anibal,Uvodić,auvodic@gmail.com,53706898743,1978-02-08
469,Kajan,Perkunić,kajanperkunic@gmail.com,80709585686,1957-08-18
470,Rozalija,Martinić,rozalijam@gmail.com,18805787850,1967-12-07
471,Zara,Barčan,zbarcan@gmail.com,44700661946,1997-11-25
472,Irena,Knežević,iknezevic90@gmail.com,22862124824,1990-12-26
473,Ernita,Kurtin,ekurtin@gmail.com,35106452412,1995-11-19
474,Lynn,Borić,lboric@gmail.com,48020412583,1962-01-05
475,Adam,Petrinić,apetrinic@gmail.com,14929885298,1960-05-06
476,Silvija,Oršolić,silvijaorsolic@gmail.com,92927164210,1954-10-17
477,Anamarija,Karlović,anamarijak@gmail.com,52138541767,1950-11-27
478,Vojislav,Ladika,vladika@gmail.com,88262218000,1961-02-13
479,Anibal,Peraić,anibalperaic@gmail.com,28914536972,1996-08-09
480,Nebojša,Kokot,nkokot78@gmail.com,22253793269,1978-11-27
481,Nemanja,Perkušić,nperkusic@gmail.com,76946463813,1994-04-01
482,Masha,Krajnik,mashakrajnik@gmail.com,78194079004,1971-11-04
483,Nikka,Radišić,nradisic51@gmail.com,71154724460,1951-04-18
484,Janja,Vukoja,jvukoja@gmail.com,55768265062,1993-06-14
485,Maya-noemi,Mrvčić,mmrvcic95@gmail.com,42053885403,1995-06-19
486,Ita,Perićak,itapericak@gmail.com,51113379049,1981-06-09
487,Vladislav,Muškardin,vladislavm@gmail.com,20420260448,1968-03-20
488,Snježana,Galinec,snjezanagalinec@gmail.com,79893400888,1999-03-30
489,Nermin,Vujatović,nerminv@gmail.com,35213920187,1984-09-18
490,Grugur,Orehovec,gorehovec54@gmail.com,14824312874,1954-06-20
491,Đana,Jelavić,djelavic63@gmail.com,27126164748,1963-05-16
492,Stjepan,Janžek,stjepanj@gmail.com,19474299448,1950-04-18
493,Sebastijan,Džepina,sebastijandzepina@gmail.com,19565740015,1978-05-02
494,Ivan-ante,Marijanović,ivan-antemarijanovic@gmail.com,79863910763,1984-10-29
495,Gabrijela,Čubranić,gcubranic54@gmail.com,19073557156,1954-12-12
496,Alojzije,Radinović,alojzijeradinovic@gmail.com,84687270993,1982-12-05
497,Lobel,Stančić,lstancic54@gmail.com,47508834456,1954-03-22
498,Eric,Tomičić,erict@gmail.com,33004080369,1990-02-05
